0,のぞみ,,,,,,,,,,,,,,,,,,,,,,,,,,,,,,,,,,,,,,,,,,,,,,,,,,,,,,,,,,,,,,,,,,,,,,,,,,,,,,,,
0,3,,,,,,,,,,,,,,,,,,,,,,,,,,,,,,,,,,,,,,,,,,,,,,,,,,,,,,,,,,,,,,,,,,,,,,,,,,,,,,,,
1,セリア,50,53,57,60,64,67,71,74,77,81,84,87,91,94,97,100,103,107,110,112,115,118,121,123,126,129,131,133,136,138,140,142,144,145,147,149,150,151,153,154,155,156,157,157,158,159,159,159,159,160,163,166,170,173,176,180,183,186,190,193,196,200,203,206,210,213,216,220,223,226,230,233,236,240,243,246,250,253,256,260
3,3,72,75,78,82,85,89,92,96,99,102,106,109,113,116,120,123,126,130,133,137,140,144,147,150,154,157,161,164,168,171,174,178,181,185,188,192,195,198,202,205,209,212,216,219,222,226,229,233,236,240,243,247,250,254,258,261,265,268,272,276,279,283,286,290,294,297,301,304,308,312,315,319,322,326,330,333,337,340,344,348
2,メロ,70,72,75,77,80,83,85,88,91,93,96,99,101,104,107,109,112,115,117,120,123,125,128,131,133,136,138,141,144,146,149,152,154,157,160,162,165,168,170,173,176,178,181,184,186,189,192,194,197,200,203,207,211,214,218,222,225,229,233,236,240,244,247,251,255,258,262,266,269,273,277,280,284,288,291,295,299,302,306,310
3,1,60,60,60,60,61,61,62,63,64,65,66,68,69,71,73,74,76,79,81,83,86,88,91,94,97,100,103,106,109,113,116,119,123,127,130,134,138,142,146,150,154,158,162,166,170,175,179,183,187,192,195,199,202,206,210,213,217,220,224,228,231,235,238,242,246,249,253,256,260,264,267,271,274,278,282,285,289,292,296,300
3,ルナ,30,32,35,38,41,44,47,50,52,55,58,61,63,66,69,71,74,76,79,81,83,86,88,90,92,94,96,98,100,102,103,105,106,108,109,111,112,113,114,115,116,117,117,118,118,119,119,119,119,120,123,126,130,133,136,140,143,146,150,153,156,160,163,166,170,173,176,180,183,186,190,193,196,200,203,206,210,213,216,220
2,2,120,122,124,127,129,132,134,137,139,142,144,146,149,151,154,156,159,161,164,166,168,171,173,176,178,181,183,186,188,191,193,195,198,200,203,205,208,210,213,215,217,220,222,225,227,230,232,235,237,240,244,248,252,256,260,264,268,272,276,280,284,288,292,296,300,304,308,312,316,320,324,328,332,336,340,344,348,352,356,360
4,みろく,60,62,65,67,70,73,75,78,81,83,86,89,91,94,97,99,102,105,107,110,113,115,118,121,123,126,128,131,134,136,139,142,144,147,150,152,155,158,160,163,166,168,171,174,176,179,182,184,187,190,193,197,201,204,208,212,215,219,223,226,230,234,237,241,245,248,252,256,259,263,267,270,274,278,281,285,289,292,296,300
1,4,72,75,78,81,80,87,91,94,97,100,103,107,110,113,116,119,122,126,129,132,135,138,142,145,148,151,154,157,161,164,167,170,173,177,180,183,186,189,192,196,199,202,205,208,212,215,218,221,224,228,232,236,241,245,250,254,258,263,267,272,276,280,285,289,294,298,302,307,311,316,320,324,329,333,338,342,346,351,355,360
5,レイカ,60,60,60,60,61,61,62,63,64,65,67,68,70,71,73,75,78,80,82,85,87,90,93,96,99,102,105,109,112,116,119,123,127,131,135,139,143,147,151,155,160,164,168,173,177,182,186,191,195,200,202,204,206,208,210,212,214,216,218,220,222,224,226,228,230,232,234,236,238,240,242,244,246,248,250,252,254,256,258,260
1,3,60,64,68,72,76,81,85,89,93,97,101,105,109,113,117,121,124,128,132,135,138,142,145,148,151,154,157,160,163,165,168,170,172,175,177,178,180,182,183,185,186,187,188,189,190,190,191,191,191,192,196,200,204,208,212,216,220,224,228,232,236,240,244,248,252,256,260,264,268,272,276,280,284,288,292,296,300,304,308,312
6,シャルロッテ,40,44,48,52,56,60,64,68,72,76,80,84,88,92,96,100,103,107,110,114,117,121,124,127,130,133,136,138,141,144,146,148,151,153,155,157,158,160,161,163,164,165,166,167,168,168,169,169,169,170,173,176,180,183,186,190,193,196,200,203,206,210,213,216,220,223,226,230,233,236,240,243,246,250,253,256,260,263,266,270
3,4,72,75,78,81,84,87,91,94,97,100,103,107,110,113,116,119,122,126,129,132,135,138,142,145,148,151,154,157,161,164,167,170,173,177,180,183,186,189,193,196,199,202,205,208,212,215,218,221,224,228,231,234,237,240,244,247,250,253,256,260,263,266,269,272,276,279,282,285,288,292,295,298,301,304,308,311,314,317,320,324
7,シーナ,50,52,54,56,58,61,63,65,67,70,72,74,76,79,81,83,85,88,90,92,94,97,99,101,103,106,108,110,112,115,117,119,121,124,126,128,130,133,135,137,139,142,144,146,148,151,153,155,157,160,163,166,169,172,175,178,181,184,187,190,193,196,199,202,205,208,211,214,217,220,223,226,229,232,235,238,241,244,247,250
1,4,84,89,95,101,107,112,118,124,129,135,140,146,151,156,162,167,172,177,182,186,191,196,200,205,209,213,217,221,224,228,231,234,237,240,243,246,248,250,252,254,256,258,259,260,261,262,263,263,263,264,269,274,279,284,290,295,300,305,310,316,321,326,331,336,342,347,352,357,362,368,373,378,383,388,394,399,404,409,414,420
8,さや,100,100,100,100,101,102,103,105,106,108,110,112,114,117,119,122,125,128,132,135,139,143,147,151,156,160,165,170,175,180,185,190,196,201,207,213,219,224,230,236,243,249,255,261,268,274,280,287,293,300,303,306,310,313,316,320,323,326,330,333,336,340,343,346,350,353,356,360,363,366,370,373,376,380,383,386,390,393,396,400
2,1,24,25,27,29,31,33,35,37,39,41,43,45,47,49,51,53,55,57,59,61,63,65,67,69,71,72,74,76,78,80,82,84,86,88,90,92,94,96,98,100,102,104,106,108,110,112,114,116,118,120,124,128,132,136,140,144,148,152,156,160,164,168,172,176,180,184,188,192,196,200,204,208,212,216,220,224,228,232,236,240
9,もえ,50,52,55,57,60,63,65,68,70,73,76,79,81,84,87,89,92,95,97,100,103,105,108,111,113,116,118,121,124,126,129,132,134,137,140,142,145,148,150,153,156,158,161,164,166,169,172,174,177,180,183,186,190,193,196,200,203,206,210,213,216,220,223,226,230,233,236,240,243,246,250,253,256,260,263,266,270,273,276,280
3,3,48,52,56,60,64,68,72,76,80,84,88,91,96,100,104,108,112,116,120,124,128,132,136,140,144,149,153,157,161,165,169,173,177,181,185,189,193,197,201,205,209,213,217,221,225,229,233,237,241,246,248,250,252,254,257,259,261,263,265,268,270,272,274,276,279,281,283,285,287,290,292,294,296,298,301,303,305,307,309,312
10,いろは,80,80,80,80,81,81,82,83,84,85,87,88,90,91,93,95,98,100,102,105,107,110,113,116,119,122,125,129,132,136,139,143,147,151,155,159,163,167,171,175,180,184,188,193,197,202,206,211,215,220,223,227,231,234,238,242,245,249,253,256,260,264,267,271,275,278,282,286,289,293,297,300,304,308,311,315,319,322,326,330
3,4,24,29,33,38,43,48,53,58,63,68,73,77,82,87,91,96,100,104,109,113,117,121,125,128,132,136,139,142,145,149,151,154,157,159,162,164,166,168,170,172,173,174,176,177,178,178,179,179,179,180,182,185,188,191,194,196,199,202,205,208,210,213,216,219,222,224,227,230,233,236,238,241,244,247,250,252,255,258,261,264
11,しいら,50,52,54,57,59,62,64,67,69,72,74,76,79,81,84,86,89,91,94,96,98,101,103,106,108,111,113,116,118,121,123,125,128,130,133,135,138,140,143,145,147,150,152,155,157,160,162,165,167,170,173,177,181,184,188,192,195,199,203,206,210,214,217,221,225,228,232,236,239,243,247,250,254,258,261,265,269,272,276,280
3,2,84,84,84,84,85,86,87,88,89,90,92,94,96,98,100,103,105,108,111,114,117,120,124,127,131,135,139,143,147,151,155,160,164,169,174,179,183,188,193,199,204,209,214,219,225,230,235,241,246,252,256,260,265,269,274,278,282,287,291,296,300,304,309,313,318,322,326,331,335,340,344,348,353,357,362,366,370,375,379,384
12,もぼ,20,22,25,27,30,32,35,37,40,42,45,47,50,52,54,57,59,61,63,65,67,69,71,73,75,77,79,80,82,84,85,87,88,89,90,92,93,94,95,95,96,97,97,98,98,99,99,99,99,100,103,106,110,113,116,120,123,126,130,133,136,140,143,146,150,153,156,160,163,166,170,173,176,180,183,186,190,193,196,200
2,2,120,124,129,134,139,144,149,154,159,164,168,173,178,183,188,193,198,203,208,213,217,222,227,232,237,242,247,252,257,262,266,271,276,281,286,291,296,301,306,311,315,320,325,330,335,340,345,350,355,360,364,368,372,376,380,384,388,392,396,400,404,408,412,416,420,424,428,432,436,440,444,448,452,456,460,464,468,472,476,480
13,いずな,65,65,65,65,66,66,67,68,69,70,71,73,74,76,78,80,82,84,86,89,91,94,97,100,103,106,109,112,115,119,122,126,130,133,137,141,145,149,153,157,161,165,169,174,178,182,187,191,195,200,203,206,209,212,215,218,221,224,227,230,233,236,239,242,245,248,251,254,257,260,263,266,269,272,275,278,281,284,287,290
1,2,78,80,83,86,89,92,94,97,100,103,106,108,111,114,117,120,123,125,128,131,134,137,139,142,145,148,151,154,156,159,162,165,168,170,173,176,179,182,185,187,190,193,196,199,201,204,207,210,213,216,220,224,228,232,236,240,244,248,252,256,260,264,268,272,276,280,284,288,292,296,300,304,308,312,316,320,324,328,332,336
14,ふぶ,55,58,62,66,69,73,76,80,84,87,91,94,98,101,104,108,111,114,117,120,123,126,129,132,135,137,140,142,144,147,149,151,153,155,156,158,160,161,162,164,165,166,167,167,168,169,169,169,169,170,172,175,176,180,183,186,188,191,194,196,199,202,204,207,210,212,215,218,220,223,226,228,231,234,236,239,242,244,247,250
2,3,66,66,66,66,67,68,68,70,71,72,74,75,77,79,82,84,86,89,92,95,98,101,104,108,111,115,119,122,126,131,135,139,144,148,153,157,162,167,172,176,181,186,191,197,202,207,212,217,222,228,231,235,238,242,246,249,253,256,260,264,267,271,274,278,282,285,289,292,296,300,303,307,310,314,318,321,325,328,332,336
15,りんご,100,100,100,100,100,101,101,102,103,104,105,106,107,108,109,111,112,114,116,117,119,121,123,125,128,130,132,135,137,140,142,145,148,150,153,156,159,162,165,168,171,174,177,180,184,187,190,193,196,200,203,206,210,213,216,220,223,226,230,233,236,240,243,246,250,253,256,260,263,266,270,273,276,280,283,286,290,293,296,300
1,1,36,38,40,42,44,47,49,51,53,55,58,60,62,64,66,69,71,73,75,77,80,82,84,86,88,91,93,95,97,99,102,104,106,108,110,113,115,117,119,121,124,126,128,130,132,135,137,139,141,144,149,154,160,165,170,176,181,186,192,197,203,208,213,219,224,229,235,240,245,251,256,262,267,272,278,283,288,294,299,305
16,ニャッシュ,45,48,51,54,57,60,63,66,69,72,74,77,80,83,86,88,91,94,96,99,101,104,106,108,111,113,115,117,119,121,122,124,126,127,129,130,131,133,134,135,136,136,137,138,138,139,139,139,139,140,143,146,150,153,156,160,163,166,170,173,176,180,183,186,190,193,196,200,203,206,210,213,216,220,223,226,230,233,236,240
3,4,66,68,71,73,76,78,81,84,86,89,91,94,96,99,102,104,107,109,112,114,117,120,122,125,127,130,132,135,138,140,143,145,148,150,153,156,158,161,163,166,168,171,174,176,179,181,184,186,189,192,196,200,204,208,212,216,220,224,228,232,236,240,244,248,252,256,260,264,268,272,276,280,284,288,292,296,300,304,308,312
17,ダッチュー,55,57,59,61,63,65,67,70,72,74,76,78,80,82,85,87,89,91,93,95,97,100,102,104,106,108,110,112,115,117,119,121,123,125,127,130,132,134,136,138,140,142,145,147,149,151,153,155,157,160,163,166,170,173,176,180,183,186,190,193,196,200,203,206,210,213,216,220,223,226,230,233,236,240,243,246,250,253,256,260
1,4,54,57,61,64,68,72,75,79,82,86,89,93,96,100,103,106,109,113,116,119,122,125,127,130,133,135,138,140,143,145,147,149,151,153,155,156,158,159,160,162,163,164,165,165,166,167,167,167,167,168,171,174,178,181,184,188,191,194,198,201,204,208,211,214,218,221,224,228,231,234,238,241,244,248,251,254,258,260,264,268
18,いちほ,65,65,65,65,66,66,67,68,69,70,71,72,74,75,77,79,81,83,85,87,89,92,94,97,100,103,105,108,112,115,118,121,125,128,132,135,139,143,146,150,154,158,162,166,170,174,177,181,185,190,193,197,200,204,207,211,214,218,221,225,228,232,235,239,242,246,249,253,256,260,263,267,270,274,277,281,284,288,291,295
3,4,50,53,56,59,62,65,68,71,74,77,80,83,86,89,92,95,98,102,105,108,111,114,117,120,123,126,129,132,135,138,141,144,147,151,154,157,160,163,166,169,172,175,178,181,184,187,190,193,196,200,204,208,212,216,220,224,228,232,236,240,244,248,252,256,260,264,268,272,276,280,284,288,292,296,300,304,308,312,316,320
19,イムラ,85,89,94,98,103,108,112,117,121,126,130,135,139,143,147,152,156,160,164,167,171,175,178,182,185,189,192,195,198,201,203,206,208,211,213,215,217,219,221,222,224,225,226,227,228,228,229,229,229,230,232,234,237,239,241,244,246,248,251,253,255,258,260,262,265,267,269,272,274,276,279,281,283,286,288,290,293,295,297,300
3,1,70,70,70,70,70,71,71,72,72,73,74,75,76,77,78,80,81,83,84,86,87,89,91,93,95,97,99,101,103,106,108,110,113,115,118,120,123,126,128,131,134,137,139,142,145,148,151,154,157,160,164,168,173,177,181,186,190,194,199,203,207,212,216,220,225,229,233,238,242,246,251,255,259,264,268,272,277,281,285,290
20,にころ,70,73,76,79,82,85,88,91,94,97,100,103,106,109,112,115,118,122,125,128,131,134,137,140,143,146,149,152,155,158,161,164,167,171,174,177,180,183,186,189,192,195,198,201,204,207,210,213,216,220,223,226,229,232,235,238,241,244,247,250,253,256,259,262,265,268,271,274,277,280,283,286,289,292,295,298,301,304,307,310
2,4,80,83,87,91,95,99,102,106,110,114,117,121,125,128,132,135,138,142,145,148,151,154,157,160,163,166,168,171,173,176,178,180,182,184,186,188,189,191,192,193,195,196,196,197,198,199,199,199,199,200,204,208,213,217,221,226,230,234,239,243,247,252,256,260,265,269,273,278,282,286,291,295,299,304,308,312,317,321,325,330
21,しぐれ,55,57,60,62,65,68,70,73,76,78,81,84,86,89,92,94,97,100,102,105,108,110,113,116,118,121,123,126,129,131,134,137,139,142,145,147,150,153,155,158,161,163,166,169,171,174,177,179,182,185,188,192,195,199,202,206,209,213,216,220,223,227,230,234,237,241,244,248,251,255,258,262,265,269,272,276,279,283,286,290
2,3,70,72,75,78,81,84,86,89,92,95,98,100,103,106,109,112,115,117,120,123,126,129,131,134,137,140,143,146,148,151,154,157,160,162,165,168,171,174,177,179,182,185,188,191,193,196,199,202,205,208,211,214,217,220,223,226,229,232,235,238,241,244,247,250,254,257,260,263,266,269,272,275,278,281,284,287,290,293,296,300
22,レン,66,70,74,79,83,88,92,96,101,105,109,114,118,122,126,130,134,138,141,145,149,152,156,159,162,165,168,171,174,177,180,182,184,187,189,191,193,194,196,197,199,200,201,202,203,203,204,204,204,205,209,213,217,221,225,229,233,237,241,245,249,253,257,261,265,269,273,277,281,285,289,293,297,301,305,309,313,317,321,325
1,1,56,56,56,56,57,58,58,59,60,61,62,63,65,67,68,70,72,74,77,79,81,84,87,89,92,95,98,101,104,108,111,115,118,122,125,129,133,137,141,145,149,153,157,161,165,169,173,177,181,186,189,192,195,199,202,205,208,212,215,218,221,225,228,231,235,238,241,244,248,251,254,257,261,264,267,270,274,277,280,284
23,みらい,75,75,75,75,75,76,76,77,78,79,80,81,82,83,84,86,87,89,91,92,94,96,98,100,103,105,107,110,112,115,117,120,123,125,128,131,134,137,140,143,146,149,152,155,159,162,165,168,171,175,178,182,186,189,193,197,200,204,208,211,215,219,222,226,230,233,237,241,244,248,252,255,259,263,266,270,274,277,281,285
1,4,69,72,75,78,81,84,87,90,93,96,99,102,105,109,112,115,118,121,124,127,130,133,136,139,142,146,149,152,155,158,161,164,167,170,173,176,179,183,186,189,192,195,198,201,204,207,210,213,216,220,223,226,229,232,235,238,241,244,247,250,253,256,259,262,265,268,271,274,277,280,283,286,289,292,295,298,301,304,307,310
24,ベアトリス,55,57,59,61,63,65,67,69,71,73,75,77,79,81,83,85,87,89,91,93,95,97,99,101,103,106,108,110,112,114,116,118,120,122,124,126,128,130,132,134,136,138,140,142,144,146,148,150,152,155,157,159,162,164,166,169,171,173,176,178,180,183,185,187,190,192,194,197,199,201,204,206,208,211,213,215,218,220,222,225
2,2,100,104,108,112,116,120,124,128,132,136,140,144,148,152,156,160,163,167,170,174,177,181,184,187,190,193,196,198,201,204,206,208,211,213,215,217,218,220,222,223,224,225,226,227,228,229,229,229,229,230,235,240,245,250,255,260,265,270,275,280,285,290,295,300,305,310,315,320,325,330,335,340,345,350,355,360,365,370,375,380
25,うらら,53,56,60,64,68,72,76,80,83,87,91,95,98,102,105,109,112,116,119,122,125,129,132,135,137,140,143,145,148,150,153,155,157,159,161,162,164,166,167,168,169,171,171,172,173,173,174,174,174,175,178,181,185,188,191,195,198,201,205,208,211,215,218,221,225,228,231,235,238,241,245,248,251,255,258,261,265,268,271,275
2,3,50,50,50,50,51,52,53,54,55,57,58,60,62,64,66,69,71,74,77,80,83,87,90,94,97,101,105,109,114,118,122,127,131,136,141,146,151,156,161,166,171,176,182,187,192,198,203,209,214,220,223,227,230,234,238,241,245,248,252,256,259,263,266,270,275,277,281,284,288,292,295,299,302,306,310,313,317,320,324,328
26,ほこね,75,75,75,75,76,76,77,78,79,81,81,83,84,86,88,90,92,94,96,99,101,104,107,110,113,116,119,122,125,129,132,136,140,143,147,151,155,159,163,167,171,175,179,184,188,192,197,201,205,210,213,216,219,223,226,229,232,236,239,242,245,249,252,255,259,262,265,268,272,275,278,281,285,288,291,294,298,301,304,308
2,1,69,75,76,79,83,87,90,94,97,101,104,108,111,115,118,121,124,128,131,134,137,140,142,145,148,150,153,155,158,160,162,164,166,168,170,171,173,174,175,177,178,179,180,180,180,182,182,182,182,183,186,190,194,197,201,205,209,212,216,220,224,227,231,235,239,242,246,250,253,257,261,265,268,272,276,280,283,287,291,295
27,やちよ,70,72,74,77,79,81,84,86,88,91,93,95,98,100,102,105,107,109,112,114,116,119,121,123,126,128,131,133,135,138,140,142,145,147,149,152,154,156,159,161,163,166,168,170,173,175,177,180,182,185,188,192,196,199,203,207,210,214,218,221,225,229,232,236,240,243,247,251,254,258,262,265,269,273,276,280,284,287,291,295
2,4,75,78,81,84,87,90,93,96,99,102,105,108,111,114,117,120,123,127,130,133,136,139,142,145,148,151,154,157,160,163,166,169,172,176,179,182,185,188,191,194,197,200,203,206,209,212,215,218,221,225,228,232,236,240,244,248,251,255,259,263,267,271,274,278,282,286,290,294,297,301,305,309,313,317,320,324,328,332,336,340
28,リオナ,72,74,77,80,83,86,89,92,95,98,101,104,107,109,112,115,118,121,124,127,130,133,136,139,142,144,147,150,153,156,159,162,165,168,171,174,177,179,182,185,188,191,194,197,200,203,206,209,212,215,217,220,223,226,229,232,235,238,241,244,246,249,252,255,258,261,264,267,270,273,275,278,281,284,287,290,293,296,299,302
2,1,60,62,64,66,68,71,73,75,77,80,82,84,86,89,91,93,95,98,100,102,104,106,109,111,113,116,118,120,122,125,127,129,131,134,136,138,140,143,145,147,149,152,154,156,158,161,163,165,167,170,173,176,180,183,186,190,193,196,200,203,206,210,213,216,220,223,226,230,233,236,240,243,246,250,253,256,260,263,266,270
29,チコ,55,59,63,68,72,77,81,86,90,94,99,103,107,111,115,119,123,127,131,135,138,142,145,149,152,155,158,161,164,167,169,172,174,176,179,181,183,184,186,187,189,190,191,192,193,193,194,194,194,195,198,201,205,208,211,215,218,221,225,228,231,235,238,241,245,248,251,255,258,261,265,268,271,275,278,281,285,288,291,295
2,4,55,57,60,63,66,69,72,75,77,80,83,86,89,92,95,97,100,103,106,109,112,115,117,120,123,126,129,132,135,137,140,143,146,149,152,155,157,160,163,166,169,172,175,177,180,183,186,189,192,195,198,202,206,210,214,218,221,225,229,233,237,241,244,248,252,256,260,264,267,271,275,279,283,287,290,294,298,302,306,310
30,レーノ,80,83,87,90,94,97,101,104,107,111,114,117,121,124,127,130,133,137,140,142,145,148,151,153,156,159,161,163,166,168,170,172,174,175,177,179,180,181,183,184,185,186,187,187,188,189,189,189,189,190,193,196,199,202,205,208,211,214,217,220,223,226,229,232,235,238,241,244,247,250,253,256,259,262,265,268,271,274,277,280
3,1,50,50,50,50,50,51,52,53,53,54,56,57,58,60,61,63,65,67,69,71,73,76,78,81,83,86,89,92,95,98,101,104,107,111,114,117,121,124,128,132,135,139,143,147,150,154,158,162,166,170,174,178,182,186,190,194,198,203,207,211,215,219,223,227,232,236,240,244,248,252,256,260,265,269,273,277,281,285,289,294
31,ありす,45,45,45,45,45,46,47,47,48,49,50,52,53,55,56,58,60,61,63,66,68,70,72,75,77,80,83,86,89,92,95,98,101,104,107,111,114,118,121,125,128,132,135,139,143,147,150,154,158,162,165,169,172,176,180,183,187,190,194,198,201,205,208,212,216,219,223,226,230,234,237,241,244,248,252,255,259,262,266,270
1,2,100,104,108,112,117,121,125,130,134,138,142,146,150,154,158,162,166,169,173,177,180,184,187,190,193,196,199,202,205,208,210,213,215,217,219,221,223,225,226,228,229,230,231,232,233,233,234,234,234,235,238,242,246,250,254,258,261,265,269,273,277,281,284,288,292,296,300,304,307,311,315,319,323,327,330,334,338,342,346,350
32,コタン,60,63,67,71,74,78,81,85,89,92,96,99,103,106,109,113,116,119,122,125,128,131,134,137,140,142,145,147,149,152,154,156,158,160,161,163,165,166,167,169,170,171,172,172,173,174,174,174,174,175,178,181,184,187,190,194,197,200,203,206,209,213,216,219,222,225,228,232,235,238,241,244,247,251,254,257,260,263,266,270
1,4,87,89,92,95,97,100,103,105,108,111,113,116,119,122,124,127,130,132,135,138,140,143,146,148,151,154,157,159,162,165,167,170,173,175,178,181,183,186,189,192,194,197,200,202,205,208,210,213,216,219,222,225,228,231,235,238,241,244,247,251,254,257,260,263,267,270,273,276,279,283,286,289,292,295,299,302,305,308,311,315
33,エリア,64,66,69,72,76,77,80,82,85,88,90,93,96,98,101,104,106,109,112,114,117,120,122,125,128,130,133,136,138,141,144,146,149,152,154,157,160,162,165,168,170,173,176,178,181,184,186,189,192,195,198,201,205,208,212,215,219,222,225,229,232,236,239,243,246,249,253,256,260,263,267,270,273,277,280,284,287,291,294,298
3,4,90,94,98,102,106,110,114,118,122,126,130,134,138,142,146,150,153,157,160,164,167,171,174,177,180,183,186,188,191,194,196,198,201,203,205,207,208,210,212,213,214,215,216,217,218,218,219,219,219,220,223,227,230,234,238,241,245,248,258,256,259,263,266,279,274,277,281,284,288,292,309,299,302,306,310,313,317,320,324,348
34,ひいる,59,61,64,66,69,72,74,77,79,82,85,87,90,92,95,98,100,103,106,108,111,113,116,119,121,124,126,129,132,134,137,139,142,145,147,150,153,155,158,160,163,166,168,171,173,176,179,181,184,187,190,193,196,200,203,206,210,213,216,220,223,226,229,233,236,239,243,246,249,253,256,259,262,266,269,272,276,279,282,286
1,3,62,62,62,62,63,63,64,65,66,67,69,70,72,74,76,78,80,82,84,87,90,92,95,98,101,105,108,111,115,119,122,126,130,134,138,142,146,150,154,159,163,167,172,176,181,185,190,194,199,204,207,211,215,219,223,227,230,234,238,242,246,250,253,257,261,265,269,273,276,280,284,288,292,296,299,303,307,311,315,319
35,いおり,45,47,49,51,53,55,57,60,62,64,66,68,70,72,75,77,79,81,83,85,87,90,92,94,96,98,100,102,105,107,109,111,113,115,117,120,122,124,126,128,130,132,135,137,139,141,143,145,147,150,153,156,159,162,165,168,171,174,177,180,183,186,189,192,195,198,201,204,207,210,213,216,219,222,225,228,231,234,237,240
3,2,100,100,100,100,100,101,101,102,102,103,104,105,106,107,108,110,111,113,114,116,117,119,121,123,125,127,129,131,133,136,138,140,143,145,148,150,153,156,158,161,164,167,169,172,175,178,181,184,187,190,195,200,205,210,216,221,226,231,236,242,247,252,257,262,268,273,278,283,288,294,299,304,309,314,320,325,330,335,340,346
36,ミオ,98,101,105,108,112,116,119,123,126,130,133,137,140,144,147,150,153,157,160,163,166,169,171,174,177,179,182,184,187,189,191,193,195,197,199,200,202,203,204,206,207,208,209,209,210,211,211,211,211,212,215,218,222,225,229,232,236,239,242,246,249,253,256,260,263,266,270,273,277,280,284,287,290,294,297,301,304,308,311,315
2,3,30,33,36,39,42,45,48,51,54,58,61,64,67,70,73,76,79,83,86,89,92,95,98,101,104,108,111,114,117,120,123,126,129,133,136,139,142,145,148,151,154,158,161,164,167,170,173,176,179,183,186,190,194,197,201,205,208,212,216,220,223,227,231,234,238,242,245,249,253,257,260,264,268,271,275,279,282,286,290,294
37,みこと,75,77,80,82,85,88,90,93,96,98,101,103,106,109,111,114,117,119,122,125,127,130,132,135,138,140,143,146,148,151,153,156,159,161,164,167,169,172,175,177,180,182,185,188,190,193,196,198,201,204,207,210,213,216,219,222,225,229,232,235,238,241,244,247,251,254,257,260,263,266,269,272,276,279,282,285,288,291,294,298
3,3,50,52,55,58,61,64,67,70,73,76,79,82,85,88,91,94,97,100,103,106,109,112,115,118,121,124,127,130,133,136,139,142,145,148,151,154,157,160,163,166,169,172,175,178,181,184,187,190,193,196,199,202,205,209,212,215,219,222,225,229,232,235,238,242,245,248,252,255,258,262,265,268,271,275,278,281,285,288,291,295
38,くに,50,52,55,57,60,63,65,68,71,73,76,79,81,84,87,89,92,95,97,100,103,105,108,111,113,116,118,121,124,126,129,132,134,137,140,142,145,148,150,153,156,158,161,164,166,169,172,174,177,180,183,187,190,194,197,201,204,208,212,215,219,222,226,229,233,237,240,244,247,251,254,258,262,265,269,272,276,279,283,287
3,2,82,87,92,97,102,108,113,118,123,128,133,138,143,148,153,157,162,167,171,175,180,184,188,192,196,199,203,206,210,213,216,219,222,224,227,229,231,234,235,237,239,240,241,242,243,245,245,245,245,246,249,253,257,261,265,269,273,277,281,285,289,293,297,301,305,309,313,317,321,325,329,333,337,341,345,349,353,357,361,365
39,るる,60,60,60,60,61,61,62,63,64,65,66,67,68,70,72,73,75,77,79,82,84,86,89,91,94,97,100,103,106,109,112,115,119,122,126,129,133,136,140,144,148,151,155,159,163,167,171,175,179,183,186,189,192,195,199,202,205,208,212,215,218,221,225,228,231,234,237,241,244,247,250,254,257,260,263,267,270,273,276,280
1,4,55,58,61,64,67,70,73,76,79,83,86,89,92,95,98,101,104,108,111,114,117,120,123,126,129,133,136,139,142,145,148,151,154,158,161,164,167,170,173,176,179,183,186,189,192,195,198,201,204,208,211,215,219,223,227,231,235,239,243,247,250,254,258,262,266,270,274,278,282,286,289,293,297,301,305,309,313,317,321,325
40,はる,62,66,70,75,79,84,88,92,97,101,105,109,113,117,121,125,129,133,137,140,144,148,151,154,158,161,164,167,169,172,175,177,180,182,184,186,188,189,191,192,194,195,196,197,198,198,199,199,199,200,204,208,212,216,220,224,228,232,236,240,244,248,252,256,260,264,268,272,276,280,284,288,292,296,300,304,308,312,316,320
1,1,52,52,52,52,53,53,54,55,56,57,58,60,61,63,64,66,68,70,73,75,78,80,83,86,88,91,94,98,101,104,108,111,115,118,122,126,129,133,137,141,145,149,153,157,162,166,170,174,178,183,186,189,192,196,199,202,206,209,212,216,219,222,225,229,232,235,239,242,245,249,252,255,258,262,265,268,272,275,278,282
41,にちな,50,52,55,57,60,62,65,67,70,72,75,78,80,83,85,88,90,93,95,98,101,103,106,108,111,113,116,118,121,123,126,129,131,134,136,139,141,144,146,149,152,154,157,159,162,164,167,169,172,175,178,182,185,189,192,196,199,203,206,210,213,217,220,224,227,231,234,238,241,245,248,252,255,259,262,266,269,273,276,280
1,2,79,81,84,87,90,93,96,99,102,104,107,110,113,116,119,122,125,127,130,133,136,139,142,145,148,150,153,156,159,162,165,168,171,173,176,179,182,185,188,191,194,196,199,202,205,208,211,214,217,220,224,228,232,236,240,244,248,252,256,260,264,268,272,276,280,284,288,292,296,300,304,308,312,316,320,324,328,332,336,340
42,そら,78,78,78,78,78,79,80,80,81,82,83,85,86,87,89,91,92,94,96,98,101,103,105,108,110,113,116,118,121,124,127,130,133,137,140,143,147,150,153,157,160,164,168,171,175,179,182,186,190,194,197,200,204,207,211,214,218,221,224,228,231,235,238,242,245,248,252,255,259,262,266,269,272,276,279,283,286,290,293,297
2,1,75,77,80,82,85,88,90,93,95,98,101,103,106,108,111,114,116,119,122,124,127,129,132,135,137,140,142,145,148,150,153,155,158,161,163,166,169,171,174,176,179,182,184,187,189,192,195,197,200,203,205,208,211,214,217,220,222,225,233,231,234,237,239,242,245,248,251,254,256,269,273,265,268,271,273,276,279,282,285,303
43,アサ,60,62,64,67,69,72,74,76,79,81,84,86,88,91,93,96,98,100,103,105,108,110,112,115,117,120,122,125,127,129,132,134,137,139,141,144,146,149,151,153,156,158,161,163,165,168,170,173,175,178,181,184,187,190,193,197,200,203,206,209,212,216,219,222,225,228,231,235,238,241,244,247,250,254,257,260,263,266,269,273
3,3,55,55,55,55,56,57,57,59,60,61,63,64,66,68,70,73,75,78,80,83,86,89,93,96,100,103,107,111,115,119,123,127,132,136,140,145,150,154,159,164,169,174,179,184,189,194,199,204,209,215,218,221,224,228,231,234,237,241,244,247,250,254,257,260,264,267,270,273,277,280,283,286,290,293,296,299,303,306,309,313
44,さいか,75,75,75,75,75,76,77,77,78,79,80,81,83,84,86,87,89,91,93,95,97,99,101,104,106,109,112,114,117,120,123,126,129,132,135,138,142,145,148,152,155,159,162,166,169,173,177,180,184,188,191,194,198,201,205,208,212,215,219,222,226,229,233,236,240,243,246,250,253,257,260,264,267,271,274,278,281,285,288,292
3,1,62,64,66,68,70,72,74,76,78,80,83,85,87,89,91,93,95,97,99,101,104,106,108,110,112,114,116,118,120,122,125,127,129,131,133,135,137,139,141,143,146,148,150,152,154,156,158,160,162,165,168,172,176,179,183,187,190,194,198,201,205,209,212,216,220,223,227,231,234,238,242,245,249,253,256,260,264,267,271,275
45,カノン,45,47,50,53,56,58,61,64,67,69,72,75,78,81,83,86,89,92,94,97,100,103,106,108,111,114,117,119,122,125,128,131,133,136,139,142,144,147,150,153,156,158,161,164,167,169,172,175,178,181,184,187,191,194,198,201,204,208,211,215,218,221,225,228,232,235,238,242,245,249,252,255,259,262,266,269,272,276,279,283
2,3,70,72,75,78,81,84,86,89,92,95,98,100,103,106,109,112,115,117,120,123,126,129,131,134,137,140,143,146,148,151,154,157,160,162,165,168,171,174,177,179,182,185,188,191,193,196,199,202,205,208,211,214,217,220,223,226,229,232,235,238,241,244,247,250,254,257,260,263,266,269,272,275,278,281,284,287,290,293,296,300
46,あたる,52,55,59,63,66,70,74,77,81,85,88,92,95,98,102,105,108,112,115,118,121,124,127,129,132,135,137,140,142,144,147,149,151,153,154,156,158,159,160,162,163,164,165,165,166,167,167,167,167,168,170,173,175,178,181,183,186,188,191,194,196,199,201,204,207,209,212,214,217,220,222,225,227,230,233,235,238,240,243,246
2,4,79,82,85,89,92,96,99,103,106,109,113,116,120,123,127,130,133,137,140,144,147,151,154,157,161,164,168,171,175,178,181,185,188,192,195,199,202,205,209,212,216,219,223,226,229,233,236,240,243,247,251,255,259,264,268,272,276,281,285,289,293,298,302,306,311,315,319,323,328,332,336,340,345,349,353,357,362,366,370,375
47,なつめ,68,70,73,76,79,82,85,88,90,93,96,99,102,105,108,110,113,116,119,122,125,128,130,133,136,139,142,145,148,150,153,156,159,162,165,168,170,173,176,179,182,185,188,190,193,196,199,202,205,208,211,214,218,221,225,228,232,235,239,242,246,249,253,256,260,263,266,270,273,277,280,284,287,291,294,298,301,305,308,312
3,4,36,38,41,44,47,50,53,55,58,61,64,67,70,72,75,78,81,84,87,89,92,95,98,101,104,106,109,112,115,118,121,123,126,129,132,135,138,140,143,146,149,152,155,157,160,163,166,169,172,175,178,181,184,188,191,194,198,201,204,208,211,214,217,221,224,227,231,234,237,241,244,247,250,254,257,260,264,267,270,274
48,スピカ,72,74,77,79,82,85,87,90,92,95,98,100,103,105,108,111,113,116,119,121,124,126,129,132,134,137,139,142,145,147,150,152,155,158,160,163,166,168,171,173,176,179,181,184,186,189,192,194,197,200,203,206,210,213,217,220,223,227,230,234,237,240,244,247,251,254,257,261,264,268,271,274,278,281,285,288,291,295,298,302
1,3,80,83,87,90,94,97,101,104,107,111,114,117,121,124,127,130,133,137,140,142,145,148,151,153,156,159,161,163,166,168,170,172,174,175,177,179,180,181,183,184,185,186,187,187,188,189,189,189,189,190,193,196,199,202,205,209,212,215,218,221,224,228,231,234,237,240,243,247,250,253,256,259,262,266,269,272,275,278,281,285
49,メイ,43,44,46,48,49,51,53,54,56,58,59,61,63,65,66,68,70,71,73,75,76,78,80,81,83,85,87,88,90,92,93,95,97,98,100,102,103,105,107,109,110,112,114,115,117,119,120,122,124,126,128,131,134,137,140,143,146,149,152,155,157,160,163,166,169,172,175,178,181,184,186,189,192,195,198,201,204,207,210,213
3,2,90,96,103,109,116,122,129,135,141,148,154,160,166,172,178,184,190,196,201,207,212,217,222,227,232,237,241,246,250,254,258,261,265,268,271,274,277,280,282,284,286,288,289,291,292,293,294,294,294,295,298,302,305,309,312,316,319,323,326,330,333,337,340,344,348,351,354,358,361,365,368,372,375,379,382,386,389,393,396,400
50,なほ,39,41,44,46,49,52,54,57,59,62,65,67,70,72,75,78,80,83,86,88,91,93,96,99,101,104,106,109,112,114,117,119,122,125,127,130,133,135,138,140,143,146,148,151,153,156,159,161,164,167,169,172,175,178,181,183,186,189,192,195,197,200,203,206,209,211,214,217,220,223,225,228,231,234,237,239,242,245,248,251
2,2,111,113,116,119,121,124,127,130,132,135,138,140,143,146,149,151,154,157,159,162,165,168,170,173,176,178,181,184,187,189,192,195,197,200,203,206,208,211,214,216,219,222,225,227,230,233,235,238,241,244,248,252,256,260,264,268,272,276,280,284,288,292,296,300,305,309,313,317,321,325,329,333,337,341,345,349,353,357,361,366
51,ヒメギ,81,85,89,93,97,101,105,109,113,117,121,125,129,133,137,141,144,148,151,155,158,162,165,168,171,174,177,179,182,185,187,189,192,194,196,198,199,201,203,204,205,206,207,208,209,209,210,210,210,211,214,217,221,224,227,231,234,237,241,244,248,251,254,258,261,264,268,271,274,278,281,285,288,291,295,298,301,305,308,312
1,3,40,42,45,48,51,53,56,59,62,64,70,70,73,75,78,81,84,86,89,92,95,97,100,103,106,108,111,114,117,119,122,125,128,130,133,136,139,141,144,147,150,152,155,158,161,163,166,169,172,175,178,181,185,188,192,195,199,202,206,209,213,216,220,223,227,230,233,237,240,244,247,251,254,258,261,265,268,272,275,279
52,ノア,77,79,82,85,88,91,94,96,99,102,105,108,111,113,116,119,122,125,128,130,133,136,139,142,145,147,150,153,156,159,162,164,167,170,173,176,179,181,184,187,190,193,196,198,201,204,207,210,213,216,219,222,226,229,233,236,239,243,246,250,253,256,260,263,267,270,273,277,280,284,287,290,294,297,301,304,307,311,314,318
1,1,57,60,64,68,71,75,78,82,86,89,93,96,100,103,106,110,113,116,119,122,125,128,131,134,137,139,142,144,146,149,151,153,155,157,158,160,162,163,164,166,167,168,169,169,170,171,171,171,171,172,175,178,182,185,188,192,195,198,202,205,209,212,215,219,222,225,229,232,235,239,242,246,249,252,256,259,262,266,269,273
53,マリン,78,81,85,89,93,96,100,104,107,111,115,118,122,125,129,132,135,139,142,145,148,151,154,157,160,162,165,167,170,172,174,176,178,180,182,184,185,187,188,189,191,192,193,193,194,195,195,195,195,196,199,203,206,210,213,217,220,224,227,231,234,238,241,245,248,252,255,259,262,266,269,273,276,280,283,287,290,294,297,301
1,4,77,79,81,84,86,88,91,93,95,98,100,103,105,107,110,112,114,117,119,121,124,126,129,131,133,136,138,140,143,145,148,150,152,155,157,159,162,164,166,169,171,174,176,178,181,183,185,188,190,193,196,199,203,206,210,213,217,220,224,227,231,234,238,241,245,248,251,255,258,262,265,269,272,276,279,283,286,290,293,297
54,なより,82,85,89,93,97,101,105,109,113,116,120,124,128,131,135,138,142,145,149,152,155,158,161,164,167,170,173,175,178,180,182,185,187,189,191,192,194,196,197,198,199,200,201,202,203,203,204,204,204,205,208,212,216,219,223,227,230,234,238,242,245,249,253,256,260,264,267,271,275,279,282,286,290,293,297,301,304,308,312,316
3,4,75,75,75,75,75,76,77,77,78,79,80,81,83,84,86,87,89,91,93,95,97,99,101,104,106,109,111,114,117,120,122,125,128,132,135,138,141,144,148,151,155,158,162,165,169,172,176,179,183,187,190,193,197,200,204,207,211,214,217,221,224,228,231,235,238,241,245,248,252,255,259,262,265,269,272,276,279,283,286,290
55,ひまり,58,60,62,65,67,69,72,74,77,79,81,84,86,89,91,93,96,98,100,103,105,108,110,112,115,117,120,122,124,127,129,132,134,136,139,141,143,146,148,151,153,155,158,160,163,165,167,170,172,175,177,180,183,186,189,192,195,198,201,204,207,210,213,216,219,221,224,227,230,233,236,239,242,245,248,251,254,257,260,263
2,3,74,78,83,88,92,97,102,106,111,116,120,125,129,133,138,142,146,150,154,158,162,166,169,173,176,180,183,186,189,192,195,198,200,202,205,207,209,211,212,214,215,217,218,219,220,220,221,221,221,222,225,229,233,236,240,244,247,251,255,259,262,266,270,273,277,281,284,288,292,296,299,303,307,310,314,318,321,325,329,333
56,らら,54,56,58,60,62,64,67,69,71,73,75,78,80,82,84,86,88,91,93,95,97,99,102,104,106,108,110,112,115,117,119,121,123,126,128,130,132,134,136,139,141,143,145,147,150,152,154,156,158,161,163,166,169,171,174,177,179,182,185,187,190,193,195,198,201,203,206,209,211,214,217,219,222,225,227,230,233,235,238,241
1,2,87,87,87,87,88,89,90,91,92,94,95,97,99,101,104,106,109,112,115,118,121,125,128,132,136,140,144,148,152,157,161,166,171,176,181,186,191,196,201,206,212,217,223,228,234,239,245,250,256,262,264,267,270,272,275,278,280,283,286,288,291,294,296,299,302,304,307,310,312,315,318,320,323,326,328,331,334,336,339,342
57,みずほ,61,64,68,72,76,80,84,88,91,95,99,103,106,110,113,117,120,124,127,130,133,137,140,143,145,148,151,153,156,158,161,163,165,167,169,170,172,174,175,176,177,179,179,180,181,181,182,182,182,183,186,189,192,195,198,201,204,207,210,213,216,219,222,225,229,232,235,238,241,244,247,250,253,256,259,262,265,268,271,275
3,3,62,62,62,62,63,63,64,65,66,67,68,69,71,72,74,76,78,80,82,84,86,89,91,93,97,100,102,105,109,112,115,118,122,125,129,132,136,140,143,147,151,155,159,163,167,171,174,178,182,187,190,193,196,199,202,205,208,211,214,218,221,224,227,230,233,236,239,242,245,249,252,255,258,261,264,267,270,273,276,280
58,まりか,71,73,76,79,82,85,88,91,94,96,99,102,105,108,111,114,117,119,122,125,128,131,134,137,140,142,145,148,151,154,157,160,163,165,168,171,174,177,180,183,186,188,191,194,197,200,203,206,209,212,215,219,222,225,229,233,236,240,243,247,250,253,257,261,265,268,272,275,279,283,286,289,293,296,300,303,307,310,314,318
2,4,80,85,90,95,100,105,110,115,120,125,130,135,140,144,149,154,158,162,167,171,175,179,183,187,191,194,198,201,205,208,211,214,216,219,221,224,226,228,230,231,233,234,235,237,237,238,239,239,239,240,244,248,252,256,260,264,268,272,276,280,284,287,291,295,299,303,308,312,316,320,324,328,332,336,340,344,348,352,356,360
59,もみじ,63,65,68,70,73,75,78,81,83,86,88,91,93,96,99,101,104,106,109,111,114,117,119,122,124,127,129,132,135,137,140,142,145,147,150,153,155,158,160,163,165,168,171,173,176,178,181,183,186,189,192,195,198,201,204,208,211,214,217,220,223,227,230,233,236,239,242,246,249,252,255,258,261,265,268,271,274,277,280,284
1,1,64,68,72,76,80,84,88,92,96,100,104,108,112,116,119,123,127,130,134,137,141,144,147,150,153,156,159,162,164,167,169,172,174,176,178,180,181,183,185,186,187,188,189,190,191,191,192,192,192,193,196,199,202,205,209,212,215,218,222,225,228,231,235,238,241,244,247,251,254,257,260,264,267,270,273,277,280,283,286,290
60,しおり,80,82,84,86,88,91,93,95,97,100,102,104,106,109,111,113,115,118,120,122,124,127,129,131,133,136,138,140,142,145,147,149,151,154,155,158,160,163,165,167,169,172,174,176,178,181,183,185,187,190,193,196,199,202,205,209,212,215,218,221,224,228,231,234,237,240,243,247,250,253,256,259,262,266,269,272,275,278,281,285
2,4,70,74,78,82,87,91,95,100,104,108,112,116,120,124,128,132,136,139,143,147,150,154,157,160,163,166,169,172,175,178,180,183,185,187,189,191,193,195,196,198,199,200,201,202,203,203,204,204,204,205,208,212,216,220,224,228,231,235,239,243,247,251,254,258,262,266,270,274,277,281,285,289,293,297,300,304,308,312,316,320
61,ちとせ,56,59,63,66,70,73,77,80,84,87,91,94,98,101,104,107,110,114,117,120,122,125,128,131,133,136,138,141,143,145,147,149,151,153,155,156,158,159,161,162,163,164,165,165,166,167,167,167,167,168,170,173,176,179,182,184,187,190,193,196,198,201,204,207,210,212,215,218,221,224,226,229,232,235,238,240,243,246,249,252
3,4,74,74,74,74,75,75,76,77,78,80,81,83,84,86,88,90,93,95,97,100,103,106,109,112,115,119,122,126,129,133,137,141,145,149,153,157,162,166,170,175,179,184,189,193,198,203,207,212,217,222,225,229,233,236,240,244,247,251,255,259,262,266,270,273,277,281,284,288,292,296,299,303,307,310,314,318,321,325,329,333
62,まこ,68,70,73,76,79,81,84,87,90,92,95,98,101,103,106,109,112,114,117,120,123,125,128,131,134,136,139,142,145,147,150,153,156,158,161,164,167,169,172,175,178,180,183,186,189,191,194,197,200,203,206,209,213,216,219,223,226,229,233,236,240,243,246,250,253,256,260,263,266,270,273,277,280,283,287,290,293,297,300,304
2,4,62,64,67,69,72,74,77,79,82,84,87,89,92,94,97,99,102,105,107,110,112,115,117,120,122,125,127,130,132,135,137,140,142,145,148,150,153,155,158,160,163,165,168,170,173,175,178,180,183,186,189,192,195,198,201,204,207,210,213,217,220,223,226,229,232,235,238,241,244,248,251,254,257,260,263,266,269,272,275,278
63,つむぎ,64,64,64,64,65,65,66,67,68,69,70,71,73,74,76,78,80,82,84,86,89,91,94,96,99,102,105,108,111,115,118,121,125,128,132,135,139,143,147,150,154,158,162,166,170,174,178,182,186,191,194,197,200,203,206,210,213,216,219,222,225,229,232,235,238,241,244,248,251,254,257,260,263,267,270,273,276,279,282,286
3,3,69,73,77,82,86,91,95,99,104,108,112,116,120,124,128,132,136,140,144,147,151,155,158,161,165,168,171,174,176,179,182,184,187,189,191,193,195,196,198,199,201,202,203,204,205,205,206,206,206,207,210,213,217,220,224,227,231,234,238,241,245,248,252,255,259,262,265,269,272,276,279,283,286,290,293,297,300,304,307,311
64,あけひ,73,77,82,87,91,96,101,105,110,114,119,123,128,132,136,140,145,149,153,157,160,164,168,171,175,178,181,184,187,190,193,196,198,201,203,205,207,209,210,212,213,215,216,217,218,218,219,219,219,220,222,225,228,231,234,237,239,242,245,248,251,254,256,259,262,265,268,271,273,276,279,282,285,288,290,293,296,299,302,305
1,1,65,67,70,72,75,78,80,83,86,88,91,93,96,99,101,104,107,109,112,115,117,120,122,125,128,130,133,136,138,141,143,146,149,151,154,157,159,162,165,167,170,172,175,178,180,183,186,188,191,194,197,200,203,206,210,213,216,219,223,226,229,232,236,239,242,245,248,252,255,258,261,265,268,271,274,278,281,284,287,291
65,ひびき,40,41,43,44,46,48,49,51,53,54,56,58,59,61,63,64,66,68,69,71,73,74,76,78,79,81,82,84,86,87,89,91,92,94,96,97,99,101,102,104,106,107,109,111,112,114,116,117,119,121,123,125,127,129,131,133,135,137,139,141,143,145,147,149,151,153,155,157,,,,,,,,,,,,182
3,2,136,144,153,162,171,179,188,196,205,213,222,230,238,246,254,262,270,278,285,292,299,306,313,320,326,332,338,344,350,355,360,365,370,374,378,382,386,389,393,396,398,401,403,404,406,407,408,409,409,410,416,423,430,437,444,451,457,464,471,478,485,492,498,505,512,519,526,533,,,,,,,,,,,,615
66,みなも,97,98,100,102,104,106,108,110,112,114,116,118,120,122,124,126,128,130,132,134,136,138,140,142,144,145,147,149,151,153,155,157,159,161,163,165,167,169,171,173,175,177,179,181,183,185,187,189,191,193,196,199,202,205,209,212,215,218,222,225,228,231,235,238,241,,,,,,,,,,,,,,,290
2,1,64,66,69,71,74,77,79,82,85,87,90,92,95,98,100,103,106,108,111,114,116,119,121,124,127,129,132,135,137,140,142,145,148,150,153,156,158,161,164,166,169,171,174,177,179,182,185,187,190,193,196,199,202,205,209,212,215,218,221,225,228,231,234,237,241,,,,,,,,,,,,,,,289
67,まぜ,61,63,65,68,70,73,75,78,80,83,85,88,90,93,95,98,100,103,105,108,110,113,115,118,120,123,125,128,130,133,135,138,140,143,145,148,150,153,155,158,160,163,165,168,170,173,175,178,180,183,186,189,192,195,198,,204,207,210,213,,,,,,,,,,,,,,,,,,,,
1,2,74,77,80,83,86,89,92,95,98,101,104,107,110,113,116,119,122,125,128,131,134,137,140,143,146,149,152,155,158,161,164,167,170,173,176,179,182,185,188,191,194,197,200,203,206,209,212,215,218,222,225,229,233,236,240,,247,241,255,259,,,,,,,,,,,,,,,,,,,,
68,みつる,77,79,81,84,86,88,91,93,96,98,100,102,105,108,110,112,115,117,119,122,124,127,129,131,134,136,139,141,143,146,148,151,153,155,158,160,162,165,167,170,172,174,177,179,182,184,186,,,,,,,,,,,,,,,,,,,,,,,,,,,,,,,,,
1,1,77,79,81,83,86,88,90,93,95,97,100,103,104,107,109,111,114,116,118,121,123,125,128,130,132,135,137,139,142,144,146,149,151,153,156,158,160,163,165,167,170,172,174,177,179,181,184,,,,,,,,,,,,,,,,,,,,,,,,,,,,,,,,,
69,みゆ,,,,,,,,,,,,,,,,,,,,,,,,,,,,,,,,,,,,,,,,,,,,,,,,,,,,,,,,,,,,,,,,,,,,,,,,,,,,,,,,
3,4,,,,,,,,,,,,,,,,,,,,,,,,,,,,,,,,,,,,,,,,,,,,,,,,,,,,,,,,,,,,,,,,,,,,,,,,,,,,,,,,
70,みやび,,,,,,,,,,,,,,,,,,,,,,,,,,,,,,,,,,,,,,,,,,,,,,,,,,,,,,,,,,,,,,,,,,,,,,,,,,,,,,,,
2,2,,,,,,,,,,,,,,,,,,,,,,,,,,,,,,,,,,,,,,,,,,,,,,,,,,,,,,,,,,,,,,,,,,,,,,,,,,,,,,,,
71,るり,,,,,,,,,,,,,,,,,,,,,,,,,,,,,,,,,,,,,,,,,,,,,,,,,,,,,,,,,,,,,,,,,,,,,,,,,,,,,,,,
2,3,,,,,,,,,,,,,,,,,,,,,,,,,,,,,,,,,,,,,,,,,,,,,,,,,,,,,,,,,,,,,,,,,,,,,,,,,,,,,,,,
72,なぎさ,,,,,,,,,,,,,,,,,,,,,,,,,,,,,,,,,,,,,,,,,,,,,,,,,,,,,,,,,,,,,,,,,,,,,,,,,,,,,,,,
2,1,,,,,,,,,,,,,,,,,,,,,,,,,,,,,,,,,,,,,,,,,,,,,,,,,,,,,,,,,,,,,,,,,,,,,,,,,,,,,,,,
73,やまと,,,,,,,,,,,,,,,,,,,,,,,,,,,,,,,,,,,,,,,,,,,,,,,,,,,,,,,,,,,,,,,,,,,,,,,,,,,,,,,,
3,3,,,,,,,,,,,,,,,,,,,,,,,,,,,,,,,,,,,,,,,,,,,,,,,,,,,,,,,,,,,,,,,,,,,,,,,,,,,,,,,,
74,コヨイ,,,,,,,,,,,,,,,,,,,,,,,,,,,,,,,,,,,,,,,,,,,,,,,,,,,,,,,,,,,,,,,,,,,,,,,,,,,,,,,,
3,2,,,,,,,,,,,,,,,,,,,,,,,,,,,,,,,,,,,,,,,,,,,,,,,,,,,,,,,,,,,,,,,,,,,,,,,,,,,,,,,,
75,ニーナ,,,,,,,,,,,,,,,,,,,,,,,,,,,,,,,,,,,,,,,,,,,,,,,,,,,,,,,,,,,,,,,,,,,,,,,,,,,,,,,,
1,1,,,,,,,,,,,,,,,,,,,,,,,,,,,,,,,,,,,,,,,,,,,,,,,,,,,,,,,,,,,,,,,,,,,,,,,,,,,,,,,,
76,ゆのか,,,,,,,,,,,,,,,,,,,,,,,,,,,,,,,,,,,,,,,,,,,,,,,,,,,,,,,,,,,,,,,,,,,,,,,,,,,,,,,,
1,1,,,,,,,,,,,,,,,,,,,,,,,,,,,,,,,,,,,,,,,,,,,,,,,,,,,,,,,,,,,,,,,,,,,,,,,,,,,,,,,,
77,リト,,,,,,,,,,,,,,,,,,,,,,,,,,,,,,,,,,,,,,,,,,,,,,,,,,,,,,,,,,,,,,,,,,,,,,,,,,,,,,,,
3,4,,,,,,,,,,,,,,,,,,,,,,,,,,,,,,,,,,,,,,,,,,,,,,,,,,,,,,,,,,,,,,,,,,,,,,,,,,,,,,,,
78,なる,,,,,,,,,,,,,,,,,,,,,,,,,,,,,,,,,,,,,,,,,,,,,,,,,,,,,,,,,,,,,,,,,,,,,,,,,,,,,,,,
3,1,,,,,,,,,,,,,,,,,,,,,,,,,,,,,,,,,,,,,,,,,,,,,,,,,,,,,,,,,,,,,,,,,,,,,,,,,,,,,,,,
79,シズ,,,,,,,,,,,,,,,,,,,,,,,,,,,,,,,,,,,,,,,,,,,,,,,,,,,,,,,,,,,,,,,,,,,,,,,,,,,,,,,,
1,3,,,,,,,,,,,,,,,,,,,,,,,,,,,,,,,,,,,,,,,,,,,,,,,,,,,,,,,,,,,,,,,,,,,,,,,,,,,,,,,,
80,ねも,,,,,,,,,,,,,,,,,,,,,,,,,,,,,,,,,,,,,,,,,,,,,,,,,,,,,,,,,,,,,,,,,,,,,,,,,,,,,,,,
2,1,,,,,,,,,,,,,,,,,,,,,,,,,,,,,,,,,,,,,,,,,,,,,,,,,,,,,,,,,,,,,,,,,,,,,,,,,,,,,,,,
81,ゆう,,,,,,,,,,,,,,,,,,,,,,,,,,,,,,,,,,,,,,,,,,,,,,,,,,,,,,,,,,,,,,,,,,,,,,,,,,,,,,,,
1,4,,,,,,,,,,,,,,,,,,,,,,,,,,,,,,,,,,,,,,,,,,,,,,,,,,,,,,,,,,,,,,,,,,,,,,,,,,,,,,,,
82,ゆかり,,,,,,,,,,,,,,,,,,,,,,,,,,,,,,,,,,,,,,,,,,,,,,,,,,,,,,,,,,,,,,,,,,,,,,,,,,,,,,,,
3,3,,,,,,,,,,,,,,,,,,,,,,,,,,,,,,,,,,,,,,,,,,,,,,,,,,,,,,,,,,,,,,,,,,,,,,,,,,,,,,,,
83,くろがね,,,,,,,,,,,,,,,,,,,,,,,,,,,,,,,,,,,,,,,,,,,,,,,,,,,,,,,,,,,,,,,,,,,,,,,,,,,,,,,,
2,4,,,,,,,,,,,,,,,,,,,,,,,,,,,,,,,,,,,,,,,,,,,,,,,,,,,,,,,,,,,,,,,,,,,,,,,,,,,,,,,,
84,みそら,,,,,,,,,,,,,,,,,,,,,,,,,,,,,,,,,,,,,,,,,,,,,,,,,,,,,,,,,,,,,,,,,,,,,,,,,,,,,,,,
1,3,,,,,,,,,,,,,,,,,,,,,,,,,,,,,,,,,,,,,,,,,,,,,,,,,,,,,,,,,,,,,,,,,,,,,,,,,,,,,,,,
85,めぐる,,,,,,,,,,,,,,,,,,,,,,,,,,,,,,,,,,,,,,,,,,,,,,,,,,,,,,,,,,,,,,,,,,,,,,,,,,,,,,,,
3,1,,,,,,,,,,,,,,,,,,,,,,,,,,,,,,,,,,,,,,,,,,,,,,,,,,,,,,,,,,,,,,,,,,,,,,,,,,,,,,,,
86,みなと,,,,,,,,,,,,,,,,,,,,,,,,,,,,,,,,,,,,,,,,,,,,,,,,,,,,,,,,,,,,,,,,,,,,,,,,,,,,,,,,
2,4,,,,,,,,,,,,,,,,,,,,,,,,,,,,,,,,,,,,,,,,,,,,,,,,,,,,,,,,,,,,,,,,,,,,,,,,,,,,,,,,
87,ひめ,,,,,,,,,,,,,,,,,,,,,,,,,,,,,,,,,,,,,,,,,,,,,,,,,,,,,,,,,,,,,,,,,,,,,,,,,,,,,,,,
1,1,,,,,,,,,,,,,,,,,,,,,,,,,,,,,,,,,,,,,,,,,,,,,,,,,,,,,,,,,,,,,,,,,,,,,,,,,,,,,,,,
88,たまき,,,,,,,,,,,,,,,,,,,,,,,,,,,,,,,,,,,,,,,,,,,,,,,,,,,,,,,,,,,,,,,,,,,,,,,,,,,,,,,,
1,3,,,,,,,,,,,,,,,,,,,,,,,,,,,,,,,,,,,,,,,,,,,,,,,,,,,,,,,,,,,,,,,,,,,,,,,,,,,,,,,,
89,ギンカ,,,,,,,,,,,,,,,,,,,,,,,,,,,,,,,,,,,,,,,,,,,,,,,,,,,,,,,,,,,,,,,,,,,,,,,,,,,,,,,,
3,2,,,,,,,,,,,,,,,,,,,,,,,,,,,,,,,,,,,,,,,,,,,,,,,,,,,,,,,,,,,,,,,,,,,,,,,,,,,,,,,,
90,あい,,,,,,,,,,,,,,,,,,,,,,,,,,,,,,,,,,,,,,,,,,,,,,,,,,,,,,,,,,,,,,,,,,,,,,,,,,,,,,,,
2,3,,,,,,,,,,,,,,,,,,,,,,,,,,,,,,,,,,,,,,,,,,,,,,,,,,,,,,,,,,,,,,,,,,,,,,,,,,,,,,,,
91,よしの,,,,,,,,,,,,,,,,,,,,,,,,,,,,,,,,,,,,,,,,,,,,,,,,,,,,,,,,,,,,,,,,,,,,,,,,,,,,,,,,
3,4,,,,,,,,,,,,,,,,,,,,,,,,,,,,,,,,,,,,,,,,,,,,,,,,,,,,,,,,,,,,,,,,,,,,,,,,,,,,,,,,
92,すばる,,,,,,,,,,,,,,,,,,,,,,,,,,,,,,,,,,,,,,,,,,,,,,,,,,,,,,,,,,,,,,,,,,,,,,,,,,,,,,,,
2,3,,,,,,,,,,,,,,,,,,,,,,,,,,,,,,,,,,,,,,,,,,,,,,,,,,,,,,,,,,,,,,,,,,,,,,,,,,,,,,,,
93,あさひ,,,,,,,,,,,,,,,,,,,,,,,,,,,,,,,,,,,,,,,,,,,,,,,,,,,,,,,,,,,,,,,,,,,,,,,,,,,,,,,,
1,2,,,,,,,,,,,,,,,,,,,,,,,,,,,,,,,,,,,,,,,,,,,,,,,,,,,,,,,,,,,,,,,,,,,,,,,,,,,,,,,,
94,ゆき,,,,,,,,,,,,,,,,,,,,,,,,,,,,,,,,,,,,,,,,,,,,,,,,,,,,,,,,,,,,,,,,,,,,,,,,,,,,,,,,
2,4,,,,,,,,,,,,,,,,,,,,,,,,,,,,,,,,,,,,,,,,,,,,,,,,,,,,,,,,,,,,,,,,,,,,,,,,,,,,,,,,
95,ひな,,,,,,,,,,,,,,,,,,,,,,,,,,,,,,,,,,,,,,,,,,,,,,,,,,,,,,,,,,,,,,,,,,,,,,,,,,,,,,,,
3,4,,,,,,,,,,,,,,,,,,,,,,,,,,,,,,,,,,,,,,,,,,,,,,,,,,,,,,,,,,,,,,,,,,,,,,,,,,,,,,,,
96,あや,,,,,,,,,,,,,,,,,,,,,,,,,,,,,,,,,,,,,,,,,,,,,,,,,,,,,,,,,,,,,,,,,,,,,,,,,,,,,,,,
1,3,,,,,,,,,,,,,,,,,,,,,,,,,,,,,,,,,,,,,,,,,,,,,,,,,,,,,,,,,,,,,,,,,,,,,,,,,,,,,,,,
97,あまね,,,,,,,,,,,,,,,,,,,,,,,,,,,,,,,,,,,,,,,,,,,,,,,,,,,,,,,,,,,,,,,,,,,,,,,,,,,,,,,,
2,1,,,,,,,,,,,,,,,,,,,,,,,,,,,,,,,,,,,,,,,,,,,,,,,,,,,,,,,,,,,,,,,,,,,,,,,,,,,,,,,,
98,まふゆ,,,,,,,,,,,,,,,,,,,,,,,,,,,,,,,,,,,,,,,,,,,,,,,,,,,,,,,,,,,,,,,,,,,,,,,,,,,,,,,,
3,3,,,,,,,,,,,,,,,,,,,,,,,,,,,,,,,,,,,,,,,,,,,,,,,,,,,,,,,,,,,,,,,,,,,,,,,,,,,,,,,,
99,おとめ,,,,,,,,,,,,,,,,,,,,,,,,,,,,,,,,,,,,,,,,,,,,,,,,,,,,,,,,,,,,,,,,,,,,,,,,,,,,,,,,
1,4,,,,,,,,,,,,,,,,,,,,,,,,,,,,,,,,,,,,,,,,,,,,,,,,,,,,,,,,,,,,,,,,,,,,,,,,,,,,,,,,
100,ちづ,,,,,,,,,,,,,,,,,,,,,,,,,,,,,,,,,,,,,,,,,,,,,,,,,,,,,,,,,,,,,,,,,,,,,,,,,,,,,,,,
3,3,,,,,,,,,,,,,,,,,,,,,,,,,,,,,,,,,,,,,,,,,,,,,,,,,,,,,,,,,,,,,,,,,,,,,,,,,,,,,,,,
101,つばさ,,,,,,,,,,,,,,,,,,,,,,,,,,,,,,,,,,,,,,,,,,,,,,,,,,,,,,,,,,,,,,,,,,,,,,,,,,,,,,,,
1,1,,,,,,,,,,,,,,,,,,,,,,,,,,,,,,,,,,,,,,,,,,,,,,,,,,,,,,,,,,,,,,,,,,,,,,,,,,,,,,,,
